customer_id,first_name,last_name,email,
1,John,Doe,john_doe_6809@gmail.com,
2,Jane,Smith,jane_smith_5953@gmail.com,
3,Michael,Brown,michael_brown_1370@gmail.com,
4,Emily,Davis,emily_davis_6690@gmail.com,
5,David,Johnson,david_johnson_9329@gmail.com,
6,Sophia,Lee,sophia_lee_9084@gmail.com,
7,Chris,Taylor,chris_taylor_2022@gmail.com,
8,Olivia,Harris,olivia_harris_7031@gmail.com,
9,James,Clark,james_clark_2455@gmail.com,
10,Emma,Lewis,emma_lewis_7104@gmail.com,
11,John,Doe,john_doe_6338@gmail.com,
12,Jane,Smith,jane_smith_8783@gmail.com,
13,Michael,Brown,michael_brown_9943@gmail.com,
14,Emily,Davis,emily_davis_9507@gmail.com,
15,David,Johnson,david_johnson_8289@gmail.com,
16,Sophia,Lee,sophia_lee_2293@gmail.com,
17,Chris,Taylor,chris_taylor_4633@gmail.com,
18,Olivia,Harris,olivia_harris_6247@gmail.com,
19,James,Clark,james_clark_4179@gmail.com,
20,Emma,Lewis,emma_lewis_6108@gmail.com,
21,John,Doe,john_doe_8948@gmail.com,
22,Jane,Smith,jane_smith_2322@gmail.com,
23,Michael,Brown,michael_brown_3538@gmail.com,
24,Emily,Davis,emily_davis_6606@gmail.com,
25,David,Johnson,david_johnson_8142@gmail.com,
26,Sophia,Lee,sophia_lee_6499@gmail.com,
27,Chris,Taylor,chris_taylor_2279@gmail.com,
28,Olivia,Harris,olivia_harris_5744@gmail.com,
29,James,Clark,james_clark_5803@gmail.com,
30,Emma,Lewis,emma_lewis_9552@gmail.com,
31,John,Doe,john_doe_4735@gmail.com,
32,Jane,Smith,jane_smith_4235@gmail.com,
33,Michael,Brown,michael_brown_9636@gmail.com,
34,Emily,Davis,emily_davis_3891@gmail.com,
35,David,Johnson,david_johnson_3718@gmail.com,
36,Sophia,Lee,sophia_lee_2910@gmail.com,
37,Chris,Taylor,chris_taylor_2245@gmail.com,
38,Olivia,Harris,olivia_harris_7520@gmail.com,
39,James,Clark,james_clark_3905@gmail.com,
40,Emma,Lewis,emma_lewis_3276@gmail.com,
41,John,Doe,john_doe_5480@gmail.com,
42,Jane,Smith,jane_smith_6099@gmail.com,
43,Michael,Brown,michael_brown_4402@gmail.com,
44,Emily,Davis,emily_davis_4209@gmail.com,
45,David,Johnson,david_johnson_2897@gmail.com,
46,Sophia,Lee,sophia_lee_8704@gmail.com,
47,Chris,Taylor,chris_taylor_6180@gmail.com,
48,Olivia,Harris,olivia_harris_8336@gmail.com,
49,James,Clark,james_clark_1723@gmail.com,
50,Emma,Lewis,emma_lewis_4455@gmail.com,
51,John,Doe,john_doe_2249@gmail.com,
52,Jane,Smith,jane_smith_6624@gmail.com,
53,Michael,Brown,michael_brown_7480@gmail.com,
54,Emily,Davis,emily_davis_2007@gmail.com,
55,David,Johnson,david_johnson_8622@gmail.com,
56,Sophia,Lee,sophia_lee_1121@gmail.com,
57,Chris,Taylor,chris_taylor_5255@gmail.com,
58,Olivia,Harris,olivia_harris_1333@gmail.com,
59,James,Clark,james_clark_2512@gmail.com,
60,Emma,Lewis,emma_lewis_5649@gmail.com,
61,John,Doe,john_doe_2702@gmail.com,
62,Jane,Smith,jane_smith_2719@gmail.com,
63,Michael,Brown,michael_brown_1915@gmail.com,
64,Emily,Davis,emily_davis_3021@gmail.com,
65,David,Johnson,david_johnson_7536@gmail.com,
66,Sophia,Lee,sophia_lee_7420@gmail.com,
67,Chris,Taylor,chris_taylor_5745@gmail.com,
68,Olivia,Harris,olivia_harris_5629@gmail.com,
69,James,Clark,james_clark_8883@gmail.com,
70,Emma,Lewis,emma_lewis_5185@gmail.com,
71,John,Doe,john_doe_4240@gmail.com,
72,Jane,Smith,jane_smith_5736@gmail.com,
73,Michael,Brown,michael_brown_2366@gmail.com,
74,Emily,Davis,emily_davis_8005@gmail.com,
75,David,Johnson,david_johnson_1485@gmail.com,
76,Sophia,Lee,sophia_lee_7200@gmail.com,
77,Chris,Taylor,chris_taylor_8072@gmail.com,
78,Olivia,Harris,olivia_harris_9645@gmail.com,
79,James,Clark,james_clark_8059@gmail.com,
80,Emma,Lewis,emma_lewis_8432@gmail.com,
81,John,Doe,john_doe_8784@gmail.com,
82,Jane,Smith,jane_smith_9509@gmail.com,
83,Michael,Brown,michael_brown_6603@gmail.com,
84,Emily,Davis,emily_davis_3252@gmail.com,
85,David,Johnson,david_johnson_2394@gmail.com,
86,Sophia,Lee,sophia_lee_1758@gmail.com,
87,Chris,Taylor,chris_taylor_7826@gmail.com,
88,Olivia,Harris,olivia_harris_8334@gmail.com,
89,James,Clark,james_clark_9003@gmail.com,
90,Emma,Lewis,emma_lewis_9813@gmail.com,
91,John,Doe,john_doe_4074@gmail.com,
92,Jane,Smith,jane_smith_4926@gmail.com,
93,Michael,Brown,michael_brown_2786@gmail.com,
94,Emily,Davis,emily_davis_3082@gmail.com,
95,David,Johnson,david_johnson_5885@gmail.com,
96,Sophia,Lee,sophia_lee_9375@gmail.com,
97,Chris,Taylor,chris_taylor_9384@gmail.com,
98,Olivia,Harris,olivia_harris_3003@gmail.com,
99,James,Clark,james_clark_4051@gmail.com,
100,Emma,Lewis,emma_lewis_5478@gmail.com,
101,John,Doe,john_doe_8933@gmail.com,
102,Jane,Smith,jane_smith_1393@gmail.com,
103,Michael,Brown,michael_brown_8229@gmail.com,
104,Emily,Davis,emily_davis_7352@gmail.com,
105,David,Johnson,david_johnson_2894@gmail.com,
106,Sophia,Lee,sophia_lee_3077@gmail.com,
107,Chris,Taylor,chris_taylor_7230@gmail.com,
108,Olivia,Harris,olivia_harris_3515@gmail.com,
109,James,Clark,james_clark_1490@gmail.com,
110,Emma,Lewis,emma_lewis_5687@gmail.com,
111,John,Doe,john_doe_5876@gmail.com,
112,Jane,Smith,jane_smith_9378@gmail.com,
113,Michael,Brown,michael_brown_6637@gmail.com,
114,Emily,Davis,emily_davis_3321@gmail.com,
115,David,Johnson,david_johnson_8094@gmail.com,
116,Sophia,Lee,sophia_lee_9466@gmail.com,
117,Chris,Taylor,chris_taylor_6650@gmail.com,
118,Olivia,Harris,olivia_harris_1333@gmail.com,
119,James,Clark,james_clark_9674@gmail.com,
120,Emma,Lewis,emma_lewis_7741@gmail.com,
121,John,Doe,john_doe_2492@gmail.com,
122,Jane,Smith,jane_smith_5037@gmail.com,
123,Michael,Brown,michael_brown_9289@gmail.com,
124,Emily,Davis,emily_davis_8831@gmail.com,
125,David,Johnson,david_johnson_8324@gmail.com,
126,Sophia,Lee,sophia_lee_1256@gmail.com,
127,Chris,Taylor,chris_taylor_2718@gmail.com,
128,Olivia,Harris,olivia_harris_5796@gmail.com,
129,James,Clark,james_clark_9013@gmail.com,
130,Emma,Lewis,emma_lewis_4450@gmail.com,
131,John,Doe,john_doe_4830@gmail.com,
132,Jane,Smith,jane_smith_4731@gmail.com,
133,Michael,Brown,michael_brown_3248@gmail.com,
134,Emily,Davis,emily_davis_5613@gmail.com,
135,David,Johnson,david_johnson_8348@gmail.com,
136,Sophia,Lee,sophia_lee_6021@gmail.com,
137,Chris,Taylor,chris_taylor_4039@gmail.com,
138,Olivia,Harris,olivia_harris_6606@gmail.com,
139,James,Clark,james_clark_5958@gmail.com,
140,Emma,Lewis,emma_lewis_7684@gmail.com,
141,John,Doe,john_doe_2004@gmail.com,
142,Jane,Smith,jane_smith_2715@gmail.com,
143,Michael,Brown,michael_brown_5603@gmail.com,
144,Emily,Davis,emily_davis_3616@gmail.com,
145,David,Johnson,david_johnson_7913@gmail.com,
146,Sophia,Lee,sophia_lee_7588@gmail.com,
147,Chris,Taylor,chris_taylor_1599@gmail.com,
148,Olivia,Harris,olivia_harris_6920@gmail.com,
149,James,Clark,james_clark_6484@gmail.com,
150,Emma,Lewis,emma_lewis_1740@gmail.com,
151,John,Doe,john_doe_4869@gmail.com,
152,Jane,Smith,jane_smith_7007@gmail.com,
153,Michael,Brown,michael_brown_3144@gmail.com,
154,Emily,Davis,emily_davis_2913@gmail.com,
155,David,Johnson,david_johnson_2010@gmail.com,
156,Sophia,Lee,sophia_lee_6724@gmail.com,
157,Chris,Taylor,chris_taylor_8690@gmail.com,
158,Olivia,Harris,olivia_harris_2371@gmail.com,
159,James,Clark,james_clark_3190@gmail.com,
160,Emma,Lewis,emma_lewis_5441@gmail.com,
161,John,Doe,john_doe_1819@gmail.com,
162,Jane,Smith,jane_smith_1955@gmail.com,
163,Michael,Brown,michael_brown_2999@gmail.com,
164,Emily,Davis,emily_davis_5103@gmail.com,
165,David,Johnson,david_johnson_2395@gmail.com,
166,Sophia,Lee,sophia_lee_9803@gmail.com,
167,Chris,Taylor,chris_taylor_6850@gmail.com,
168,Olivia,Harris,olivia_harris_5968@gmail.com,
169,James,Clark,james_clark_2683@gmail.com,
170,Emma,Lewis,emma_lewis_9351@gmail.com,
171,John,Doe,john_doe_8677@gmail.com,
172,Jane,Smith,jane_smith_8073@gmail.com,
173,Michael,Brown,michael_brown_8696@gmail.com,
174,Emily,Davis,emily_davis_8821@gmail.com,
175,David,Johnson,david_johnson_5220@gmail.com,
176,Sophia,Lee,sophia_lee_9368@gmail.com,
177,Chris,Taylor,chris_taylor_4585@gmail.com,
178,Olivia,Harris,olivia_harris_7912@gmail.com,
179,James,Clark,james_clark_4370@gmail.com,
180,Emma,Lewis,emma_lewis_2609@gmail.com,
181,John,Doe,john_doe_1587@gmail.com,
182,Jane,Smith,jane_smith_3065@gmail.com,
183,Michael,Brown,michael_brown_8349@gmail.com,
184,Emily,Davis,emily_davis_3982@gmail.com,
185,David,Johnson,david_johnson_3711@gmail.com,
186,Sophia,Lee,sophia_lee_7483@gmail.com,
187,Chris,Taylor,chris_taylor_9952@gmail.com,
188,Olivia,Harris,olivia_harris_7192@gmail.com,
189,James,Clark,james_clark_3276@gmail.com,
190,Emma,Lewis,emma_lewis_4503@gmail.com,
191,John,Doe,john_doe_1274@gmail.com,
192,Jane,Smith,jane_smith_5202@gmail.com,
193,Michael,Brown,michael_brown_6198@gmail.com,
194,Emily,Davis,emily_davis_6406@gmail.com,
195,David,Johnson,david_johnson_1688@gmail.com,
196,Sophia,Lee,sophia_lee_8883@gmail.com,
197,Chris,Taylor,chris_taylor_8286@gmail.com,
198,Olivia,Harris,olivia_harris_2482@gmail.com,
199,James,Clark,james_clark_5139@gmail.com,
200,Emma,Lewis,emma_lewis_9413@gmail.com,
